31.237872/121.470259,31.237872,121.470259,
31.246946/121.513919,31.246946,121.513919,
31.232877/121.48753,31.232877,121.48753,
31.227933/121.45361,31.227933,121.45361,
31.235682/121.487831,31.235682,121.487831,
31.251358/121.485526,31.251358,121.485526,
31.244229/121.475231,31.244229,121.475231,
31.23936/121.488752,31.23936,121.488752,
31.244859/121.489305,31.244859,121.489305,
31.23543/121.447652,31.23543,121.447652,
31.239655/121.478097,31.239655,121.478097,
31.228014/121.477667,31.228014,121.477667,
31.328545/121.538592,31.328545,121.538592,
31.234259/121.52572,31.234259,121.52572,
31.229094/121.480266,31.229094,121.480266,
31.232518/121.465177,31.232518,121.465177,
31.225207/121.452948,31.225207,121.452948,
31.242893/121.465382,31.242893,121.465382,
31.240874/121.518086,31.240874,121.518086,
31.217516/121.452872,31.217516,121.452872,
31.228017/121.444777,31.228017,121.444777,
31.221325/121.448881,31.221325,121.448881,
31.23271/121.455345,31.23271,121.455345,
31.236138/121.463199,31.236138,121.463199,
31.225275/121.47164,31.225275,121.47164,
31.24143/121.475172,31.24143,121.475172,
31.232857/121.475333,31.232857,121.475333,
31.228726/121.482748,31.228726,121.482748,
31.236381/121.484201,31.236381,121.484201,
31.242514/121.493696,31.242514,121.493696,
31.233516/121.491431,31.233516,121.491431,
31.22622/121.506261,31.22622,121.506261,
31.223981/121.478274,31.223981,121.478274,
31.224117/121.4732,31.224117,121.4732,
31.256071/121.462096,31.256071,121.462096,
31.237435/121.455917,31.237435,121.455917,
31.236009/121.478941,31.236009,121.478941,
31.224552/121.482535,31.224552,121.482535,
31.200811/121.444401,31.200811,121.444401,
31.166058/121.403691,31.166058,121.403691,
31.228047/121.425893,31.228047,121.425893,
31.224154/121.43807,31.224154,121.43807,
31.229071/121.452449,31.229071,121.452449,
31.234499/121.463079,31.234499,121.463079,
31.242867/121.490229,31.242867,121.490229,
31.244555/121.5099,31.244555,121.5099,
31.236828/121.514196,31.236828,121.514196,
31.234796/121.533464,31.234796,121.533464,
31.224126/121.547664,31.224126,121.547664,
31.221777/121.558508,31.221777,121.558508,