201406,1,01/06/14 10:22,01/06/14 11:09,31.237872/121.470259,edbc54bddf16494a49f39ac057b4185d
201406,1,01/06/14 13:02,01/06/14 13:51,31.246946/121.513919,40d41c461cd11402231d8e63b1d57314
201406,1,01/06/14 13:08,01/06/14 15:38,31.232877/121.48753,d8ff6385af928b96af66956b40ca06c4
201406,1,01/06/14 21:07,01/06/14 21:10,31.227933/121.45361,a0b8479e6a6ad65b8a346fdaa45abe11
201406,1,01/06/14 19:38,01/06/14 19:39,31.235682/121.487831,a19e6568c9dd57992a1bba6c6511c7cd
201406,1,01/06/14 14:38,01/06/14 14:48,31.251358/121.485526,0f6a2c60820d724af1841ec78a7152e6
201406,1,01/06/14 21:44,01/06/14 22:01,31.244229/121.475231,e19ec4db67bf81a8bda5b9a803d833a9
201406,1,01/06/14 13:27,01/06/14 16:25,31.23936/121.488752,4d939208ad21ce1739f9e2ae85222142
201406,1,01/06/14 13:40,01/06/14 14:32,31.244859/121.489305,4bb7ac52ca30b3095398d48329a006da
201406,1,01/06/14 13:22,01/06/14 13:32,31.23543/121.447652,e941de7bca467627fb95ae8f908d5f73
201406,1,01/06/14 8:24,01/06/14 11:22,31.239655/121.478097,a3524a352ae4a504daffc622eee58665
201406,1,01/06/14 17:01,01/06/14 17:07,31.228014/121.477667,a1b18a5c1faf10512d9ca1caaa750959
201406,1,01/06/14 10:55,01/06/14 11:07,31.328545/121.538592,b622ffe433a587a4489329528ca5dded
201406,1,01/06/14 14:13,01/06/14 15:21,31.234259/121.52572,795c07baa44a1258a69b0ce8ee30675f
201406,1,01/06/14 18:53,01/06/14 18:59,31.229094/121.480266,4a9a009d29fc6ca7a25984a76a8ebd62
201406,1,01/06/14 22:35,01/06/14 22:59,31.232518/121.465177,47c4de3a088f1b7a3bfd5e0550131c10
201406,1,01/06/14 4:26,01/06/14 4:27,31.225207/121.452948,a97c237eef1b7a9b74f8fbfb1a658281
201406,1,01/06/14 16:23,01/06/14 19:18,31.242893/121.465382,50b811df28c23dfd6365bbea4399c746
201406,1,01/06/14 22:19,01/06/14 22:42,31.240874/121.518086,e831bfb53f02aaed456dc0c6dd7ff805
201406,1,01/06/14 19:49,01/06/14 20:25,31.217516/121.452872,e7cc33b2e9745b5c0f79c31d994cfe88
201406,1,01/06/14 11:53,01/06/14 12:02,31.228017/121.444777,18fbdc92bd340c6ad7ee27052799acda
201406,1,01/06/14 16:07,01/06/14 16:10,31.221325/121.448881,ff047df44b83a3da7f42a10f709e561a
201406,1,01/06/14 8:31,01/06/14 9:17,31.23271/121.455345,09fa62d6b318b7426bc92bf3f84f7198
201406,1,01/06/14 17:11,01/06/14 17:55,31.236138/121.463199,55c8a6c85e9765066a65eb896c3d5719
201406,1,01/06/14 15:01,01/06/14 15:09,31.225275/121.47164,a943bb90d85004dc9affbf756833e30d
201406,1,01/06/14 15:11,01/06/14 15:32,31.24143/121.475172,8a2184c06c9dfdc5a0c43fc5de35159a
201406,1,01/06/14 9:22,01/06/14 9:47,31.232857/121.475333,f8206ab58b9bdb070673f7050242e9ee
201406,1,01/06/14 13:19,01/06/14 13:44,31.228726/121.482748,7f5d5ac23f77002bba350b43727a35f2
201406,1,01/06/14 16:40,01/06/14 16:41,31.236381/121.484201,b6b4c96198a3891485afe931daa8046f
201406,1,01/06/14 6:25,01/06/14 6:59,31.242514/121.493696,b673bbaf6a1a88da5128891c16dc3087
201406,1,01/06/14 7:57,01/06/14 7:58,31.233516/121.491431,87a6d39393fad78e096e84ed1160953d
201406,1,01/06/14 7:57,01/06/14 7:58,31.233516/121.491431,87a6d39393fad78e096e84ed1160953d
201406,1,01/06/14 11:47,01/06/14 14:47,,9e719b94cb914f4607cc00ec919bc0de
201406,1,01/06/14 8:44,01/06/14 11:41,31.22622/121.506261,9e719b94cb914f4607cc00ec919bc0de
201406,1,01/06/14 16:13,01/06/14 16:35,31.223981/121.478274,54848a2295111807f9a2559e5b8b75ec
201406,1,01/06/14 11:47,01/06/14 11:52,31.224117/121.4732,4d3ecfa4133a22b127956944e8ba81b0
201406,1,01/06/14 9:35,01/06/14 10:17,31.256071/121.462096,dfaa9308e73b344810ca7cadf55006a3
201406,1,01/06/14 14:38,01/06/14 16:38,31.237435/121.455917,6745c726504ba7e968fe6e6d58d9ee3a
201406,1,01/06/14 12:15,01/06/14 14:43,31.236009/121.478941,667793d42b6cc20052470b6c5bdd7dca
201406,1,01/06/14 13:46,01/06/14 14:01,31.224552/121.482535,5d2fd7f4b48174fb7ef9c4b9b8634d52
201406,1,01/06/14 13:58,01/06/14 13:58,31.200811/121.444401,4d41d51240785ba6c0eddf22472d1551
201406,1,01/06/14 16:16,01/06/14 16:21,31.166058/121.403691,0473d184879abe4a5bdd6bb41a0c4e24
201406,1,01/06/14 7:20,01/06/14 7:37,31.228047/121.425893,4c8f255ac8bebc20d6506971e21e6756
201406,1,01/06/14 10:29,01/06/14 10:32,31.224154/121.43807,56a38caa300791ccd675e4f8937986a9
201406,1,01/06/14 18:43,01/06/14 18:59,31.229071/121.452449,57ef62c8f59ff3f174bd1afec7f40f87
201406,1,01/06/14 16:23,01/06/14 16:26,31.234499/121.463079,667793d42b6cc20052470b6c5bdd7dca
201406,1,01/06/14 21:54,01/06/14 22:05,31.242867/121.490229,aa30cec4dcdb0c0ffaae2d37adfc7153
201406,1,01/06/14 15:51,01/06/14 16:36,31.244555/121.5099,ab338b8d8f9a32b637ba68dc2f116070
201406,1,01/06/14 15:09,01/06/14 15:11,31.236828/121.514196,7318c5094b59c11e8c9be85e9ddc0e68
201406,1,01/06/14 16:11,01/06/14 16:21,31.234796/121.533464,2de4519f87257555362e943fe5e94c8a
201406,1,01/06/14 13:08,01/06/14 13:29,31.224126/121.547664,6b8e8ac0bd92248b5564c27e79343606
201406,1,01/06/14 9:48,01/06/14 9:52,31.221777/121.558508,15ed416e691f16bb74b14460d2ea759e
201406,1,01/06/14 11:47,01/06/14 11:56,31.207247/121.572933,4f534d5ea4db9119afeaefdc2a47ba68
201406,1,01/06/14 4:39,01/06/14 6:53,31.242837/121.455083,c2a90e7593b281490255bfbf1d138001
201406,1,01/06/14 17:42,01/06/14 18:34,31.233452/121.480931,cd4c115ef883e0cb0236be162735cf22
201406,1,01/06/14 8:29,01/06/14 8:30,31.222609/121.378494,57ef62c8f59ff3f174bd1afec7f40f87
201406,1,01/06/14 17:26,01/06/14 17:27,31.234867/121.46325,d5d113ac402205dee8ff6866a5c01b78
201406,1,01/06/14 17:33,01/06/14 18:01,31.240453/121.511773,8991bb31468a24dfa290993ea3100106
201406,1,01/06/14 12:44,01/06/14 15:38,31.243974/121.555758,ec1b4d86fd164d46537a50ad4a946836
201406,1,01/06/14 13:49,01/06/14 16:49,31.235043/121.523389,466fe0dfa6689f5d9684a3e6d3aa51a5
201406,1,01/06/14 11:48,01/06/14 12:11,31.213903/121.410198,57e0c858f40c279d1a5794b1bacdd21f
201406,1,01/06/14 20:06,01/06/14 21:44,31.256232/121.498254,8a8f03debcbeeb99485bcdf87ac35fb1
201406,1,01/06/14 9:12,01/06/14 10:00,31.25563/121.508513,f35a3c1a64c0cfc8b7ed18c87e69d8ea
201406,1,01/06/14 13:51,01/06/14 14:54,31.247009/121.47942,91a31b6363cbf93b562dc98003c6def6
201406,1,01/06/14 18:25,01/06/14 18:35,31.242365/121.503571,879305d447c64d674c55def86e0a60fd
201406,1,01/06/14 14:15,01/06/14 14:29,31.245624/121.522839,5d2fd7f4b48174fb7ef9c4b9b8634d52
201406,1,01/06/14 5:57,01/06/14 5:57,31.235072/121.518805,60dcb8865dda384964b38200ead04f54
201406,1,01/06/14 22:12,01/06/14 22:12,31.240478/121.526884,675baf8b55c2a90554f11bfa31ef1e16
201406,1,01/06/14 7:00,01/06/14 7:16,31.240601/121.442307,0019e53be51fb4fd951e1a817d8c54ee
201406,1,01/06/14 19:29,01/06/14 19:38,31.233984/121.524823,3a73017ca2254d80a0993835972d3e5a
201406,1,01/06/14 15:06,01/06/14 15:14,31.241762/121.50497,57ec2b32f6bb8d349e194fcd51deced9
201406,1,01/06/14 15:57,01/06/14 16:33,31.24478/121.505751,57ec2b32f6bb8d349e194fcd51deced9
201406,1,01/06/14 9:20,01/06/14 12:19,31.228627/121.480756,e3fc07446021b4793c288525244d7c90
201406,1,01/06/14 10:37,01/06/14 10:51,31.242584/121.449606,4539d8b93328ebcc769140d4b01ecb81
201406,1,01/06/14 18:09,01/06/14 18:34,31.230395/121.46599,727aeb29a5ffa49595662804a65359b5
201406,1,01/06/14 13:13,01/06/14 13:13,31.241014/121.48529,0bc3e48e8548d75fc257521664042921
201406,1,01/06/14 21:34,01/06/14 21:35,31.239454/121.46057,a624b59cc7f9bb439f155dd27825127b
201406,1,01/06/14 10:14,01/06/14 10:25,31.233674/121.498294,91a31b6363cbf93b562dc98003c6def6
201406,1,01/06/14 14:28,01/06/14 14:28,31.236177/121.493181,46db2aa2b4a90abdd3afd62e5345b9ca
201406,1,01/06/14 0:01,01/06/14 1:41,31.235177/121.451385,6233f26b698f85cde965526279ab3f00
201406,1,01/06/14 14:48,01/06/14 15:01,31.255256/121.500499,8a8f03debcbeeb99485bcdf87ac35fb1
201406,1,01/06/14 19:32,01/06/14 19:42,31.223004/121.465956,a1b18a5c1faf10512d9ca1caaa750959
201406,1,01/06/14 12:20,01/06/14 12:30,31.240013/121.487148,56a38caa300791ccd675e4f8937986a9
201406,1,01/06/14 11:50,01/06/14 11:51,31.241577/121.485099,2c1d5227ea91f64e09d6f33d570fe0e0
201406,1,01/06/14 0:26,01/06/14 0:26,31.234496/121.521516,60dcb8865dda384964b38200ead04f54
201406,1,01/06/14 13:23,01/06/14 13:39,31.240806/121.481992,a3524a352ae4a504daffc622eee58665
201406,1,01/06/14 12:02,01/06/14 12:21,31.229057/121.452254,c6e70eb321e7db90e4b9107fa4676470
201406,1,01/06/14 10:37,01/06/14 11:00,31.159523/121.435774,57e3f1c4c751926bb3a8d482ff34ef8d
201406,1,01/06/14 11:16,01/06/14 13:28,31.230363/121.5056,879305d447c64d674c55def86e0a60fd
201406,1,01/06/14 11:54,01/06/14 12:08,31.263495/121.496653,ab338b8d8f9a32b637ba68dc2f116070
201406,1,01/06/14 16:50,01/06/14 16:51,31.235154/121.533056,ab338b8d8f9a32b637ba68dc2f116070
201406,1,01/06/14 19:06,01/06/14 22:00,31.18078/121.423677,99837afcd5627e3e2a737f024815a21e
201406,1,01/06/14 11:08,01/06/14 13:38,31.251161/121.489743,49d39091e28fc3922f44880ed1fa2437
201406,1,01/06/14 10:27,01/06/14 10:28,31.283289/121.510576,57c8795cd89c609b20ef5999deaad8db
201406,1,01/06/14 21:41,01/06/14 22:00,31.275801/121.484797,6717d2b050a46984ea409eeab955f07f
201406,1,01/06/14 22:18,01/06/14 22:59,31.261655/121.474716,a943bb90d85004dc9affbf756833e30d
201406,1,01/06/14 15:37,01/06/14 18:36,31.258656/121.472538,bf99cafea8dd62350183afaa4204a46a
201406,1,01/06/14 22:11,01/06/14 22:16,31.248715/121.481228,6717d2b050a46984ea409eeab955f07f
201406,1,01/06/14 17:32,01/06/14 17:36,31.24256/121.490511,22a57c48328e7120d5e5748b2dd557c5
201406,1,01/06/14 13:35,01/06/14 16:35,31.188514/121.49841,27fd4964e6f60b9b115a098f14d6b0f4
201406,1,01/06/14 7:09,01/06/14 9:51,31.178033/121.487803,1f5034c966ea0d2495e471d13f7bc8de
201406,1,01/06/14 18:39,01/06/14 19:24,31.244292/121.495265,7f82dcef07de86d68ad2799e1bc152a8
201406,1,01/06/14 10:42,01/06/14 11:28,31.237635/121.476519,2348e53af45b1245687dad3ee103e2f4
201406,1,01/06/14 11:17,01/06/14 12:02,31.240686/121.480699,731bb2a9f9159ec0880d7621ecdf11d9
201406,1,01/06/14 10:43,01/06/14 10:57,31.168125/121.503534,49d39091e28fc3922f44880ed1fa2437
201406,1,01/06/14 12:24,01/06/14 12:25,31.180581/121.527653,db3330f9d5505df7b211395cfcd32874
201406,1,01/06/14 10:32,01/06/14 10:34,31.230277/121.448573,09fa62d6b318b7426bc92bf3f84f7198
201406,1,01/06/14 18:08,01/06/14 19:45,31.241223/121.45891,ce5544911bbf4573f8d78fb5fecd09eb
201406,1,01/06/14 12:37,01/06/14 13:04,31.251619/121.486701,6ae15ffdfa7cd9b7f5611f04896af7e9
201406,1,01/06/14 13:30,01/06/14 15:27,31.246573/121.509144,ab338b8d8f9a32b637ba68dc2f116070
201406,1,01/06/14 14:04,01/06/14 14:55,31.228927/121.486896,37b5c3be29428ea3f033cabba3756be7
201406,1,01/06/14 19:46,01/06/14 19:59,31.240412/121.45723,ce5544911bbf4573f8d78fb5fecd09eb
201406,1,01/06/14 14:32,01/06/14 14:39,31.225266/121.444323,56a38caa300791ccd675e4f8937986a9
201406,1,01/06/14 18:17,01/06/14 18:29,31.248195/121.490929,8aa5faa4216942f4a78ae5dbb9e94d44
201406,1,01/06/14 13:55,01/06/14 16:55,31.227165/121.480195,e3fc07446021b4793c288525244d7c90
201406,1,01/06/14 16:08,01/06/14 16:26,31.240869/121.481603,731bb2a9f9159ec0880d7621ecdf11d9
201406,1,01/06/14 20:47,01/06/14 22:14,31.257123/121.503291,5a0fa5a707fd7941b56802077dbec897
201406,1,01/06/14 0:02,01/06/14 0:04,31.223665/121.458791,b6b4c96198a3891485afe931daa8046f
201406,1,01/06/14 17:54,01/06/14 17:55,31.217372/121.460724,dfe85c526dd5979b7d1b85d31baa6f96
201406,1,01/06/14 23:00,01/06/14 23:23,31.234225/121.525481,80fe54714db1df129ef922ba6a7105a5
201406,1,01/06/14 7:41,01/06/14 9:56,31.250734/121.487731,269275bd6adb12bd16ba418434de2fcb
201406,1,01/06/14 15:55,01/06/14 16:05,31.231585/121.517218,795c07baa44a1258a69b0ce8ee30675f
201406,1,01/06/14 19:12,01/06/14 19:14,31.243738/121.486223,16bf83d344978e79594e8f354fff01a2
201406,1,31/05/14 23:29,01/06/14 2:28,31.238561/121.455041,5287998bb3bb7d6e75d4de28695b95be
201406,1,01/06/14 9:21,01/06/14 9:23,31.227762/121.495598,ccfcd2429a7c2c7c85498b4607063458
201406,1,01/06/14 12:08,01/06/14 12:59,31.233644/121.525549,4ef5be59e3feca947b33b573353c3137
201406,1,01/06/14 13:05,01/06/14 16:05,31.251584/121.4917,90197eccb876611cb43ef8e8fd236bd5
201406,1,01/06/14 12:06,01/06/14 15:03,31.230748/121.485488,13a38d4bece64b809329f0f7fa325c5e
201406,1,31/05/14 23:00,01/06/14 0:09,41.677262/125.960124,641ebaaa2b8b7d9978235477a5bbcf21
201406,1,01/06/14 17:40,01/06/14 17:43,31.245242/121.479617,a275198c7325c01fc524560565bd2017
201406,1,01/06/14 12:35,01/06/14 13:26,31.206958/121.591146,e6ccaeeb886f7cc398319cf5db9b0274
201406,1,01/06/14 15:43,01/06/14 15:46,31.214719/121.624972,e6ccaeeb886f7cc398319cf5db9b0274
201406,1,01/06/14 18:29,01/06/14 18:31,31.154675/121.81374,dfe1d81e237f390dac78d6a8f3a71056
201406,1,01/06/14 15:40,01/06/14 15:45,30.963494/121.160188,667793d42b6cc20052470b6c5bdd7dca
201406,1,01/06/14 12:10,01/06/14 15:09,31.232853/121.486408,4c6f783f0e733e3b8efa0025c4f48d0a
201406,1,01/06/14 17:39,01/06/14 17:39,31.215428/121.660427,ab155bfafc8653f97a60c134d0a35817
201406,1,01/06/14 18:14,01/06/14 18:24,31.249918/121.47846,5f7f552db6c095fbf22283c453dbfaec
201406,1,01/06/14 19:16,01/06/14 19:16,31.242261/121.507912,f744a3b2575fd045965191c6b4b5a987
201406,1,01/06/14 14:33,01/06/14 14:35,31.243463/121.4907,4bb7ac52ca30b3095398d48329a006da
201406,1,31/05/14 23:15,31/05/14 23:47,31.238593/121.450062,6ae0b8cb2c096d50495f38969f2b956c
201406,1,01/06/14 14:24,01/06/14 14:24,31.25079/121.48933,2489de0dd56c411d5fd66e10b4cfc25b
201406,1,01/06/14 15:00,01/06/14 15:14,31.240561/121.459431,a624b59cc7f9bb439f155dd27825127b
201406,1,01/06/14 21:20,01/06/14 21:22,31.234688/121.502656,9ea235280c158952b7849f351f490050
201406,1,01/06/14 0:10,01/06/14 0:20,31.252974/121.502684,641ebaaa2b8b7d9978235477a5bbcf21
201406,1,01/06/14 22:47,01/06/14 22:55,31.222119/121.454078,b6b4c96198a3891485afe931daa8046f
201406,1,01/06/14 10:26,01/06/14 10:46,31.228755/121.523626,91a31b6363cbf93b562dc98003c6def6
201406,1,01/06/14 20:24,01/06/14 21:40,31.247955/121.495452,b4cc28c24ba25f568fab3a900abc47eb
201406,1,01/06/14 15:10,01/06/14 15:20,31.25037/121.488549,2bb3d3ab603300b028f45fc156ee62e4
201406,1,01/06/14 20:30,01/06/14 20:35,31.174053/121.282683,c07182662abed849a92b054c66d23129
201406,1,01/06/14 11:16,01/06/14 11:21,31.127837/121.380654,cf5c61df8f8ce302d3dc84fd43fa87a4
201406,1,01/06/14 13:06,01/06/14 16:04,31.045101/121.223676,74023a75ed6b8a714f9e04e528327ce0
201406,1,01/06/14 14:22,01/06/14 14:24,31.140855/121.360032,49bf9fff21969ef82f40fc73e925479e
201406,1,01/06/14 14:22,01/06/14 17:21,31.025763/121.541983,df88b9b822ff0e1d5e7fbf0dade48aa4
201406,1,01/06/14 22:42,01/06/14 22:42,31.147903/121.403379,a9165ad05f5bf90d4dd3f348bcad51a9
201406,1,01/06/14 18:24,01/06/14 18:59,31.036404/121.272345,bc27d28a1b76f312c6ad529d575ac64e
201406,1,01/06/14 12:51,01/06/14 12:51,31.025227/121.44251,4d41d51240785ba6c0eddf22472d1551
201406,1,01/06/14 15:27,01/06/14 15:28,31.19232/121.142889,01a02425d234ea13b86debb558c70114
201406,1,01/06/14 12:12,01/06/14 15:12,31.099642/121.449578,f0e5deb4a4bf46424dfbb11a62a41624
201406,1,01/06/14 19:33,01/06/14 22:33,31.10888/121.390919,ea6e6663280259d2d8e83b64153fca51
201406,1,01/06/14 21:06,01/06/14 22:28,31.157536/121.203337,471d6148487e3ad3556f02bcdc991ded
201406,1,01/06/14 7:01,01/06/14 7:22,31.146522/121.352501,59f71163dbd9aa19788332f1ee7eea77
201406,1,01/06/14 8:47,01/06/14 11:19,31.021245/121.226791,0a094eb4bdc3e9a9510b23aacc2bfd5e
201406,1,01/06/14 19:09,01/06/14 20:07,31.038964/121.2261,17a6a139e1cd39b24454cd773c1d9a95
201406,1,01/06/14 17:55,01/06/14 18:42,31.131231/121.398758,943812c24fde771aa562d46b3213d23f
201406,1,01/06/14 17:50,01/06/14 17:51,31.131416/121.429704,0ffef1d8108a0f01ff3fe0d046383c54
201406,1,01/06/14 21:19,01/06/14 21:57,31.143754/121.434357,56584052621e1464e1eacdc901d7810c
201406,1,01/06/14 9:55,01/06/14 10:33,31.142941/121.443942,af0bf6287f538bf3318133c9dc0c6b10
201406,1,01/06/14 12:34,01/06/14 15:34,31.111821/121.385462,7dfd64301189cd1b91361d17c656a991
201406,1,01/06/14 21:53,01/06/14 21:55,31.074013/121.407487,395b439bdcc30d6b484c6e56890900d9
201406,1,31/05/14 23:59,01/06/14 2:59,31.042415/121.482986,cba4bbec39053f7a10f7e918b061a21f
201406,1,01/06/14 2:17,01/06/14 2:18,31.016895/121.42971,87a7b4bfe6e1190fa2038a503d09ed82
201406,1,01/06/14 13:21,01/06/14 15:06,31.002479/121.390889,67f65f153e3641e7fafcc1127b7d5408
201406,1,01/06/14 21:17,01/06/14 21:34,31.158843/121.127268,d03dcc688455c8e3f622d38affbefa6e
201406,1,01/06/14 9:39,01/06/14 11:30,31.178359/121.279284,da209fa13a34b7b70761626524a2e713
201406,1,01/06/14 10:14,01/06/14 13:14,31.15228/121.118001,90aa3042f1ec885c3697d4ff8721c149
201406,1,01/06/14 18:04,01/06/14 18:35,31.120864/121.389141,6a39aa889b463577abe807dfed30f5c7
201406,1,01/06/14 17:07,01/06/14 18:00,31.111396/121.379353,4729ffccd24ea927653d4e1ff7aef33c
201406,1,01/06/14 13:17,01/06/14 14:17,31.012788/121.228073,dba2be7b2e833fc8b39f1b6736b076fc
201406,1,01/06/14 15:28,01/06/14 16:58,31.030657/121.236586,d375a7aef5eeb6dc8f01540f06db40cb
201406,1,01/06/14 14:43,01/06/14 14:43,46.247857/128.762232,04fdcb85914662049253067aa05958af
201406,1,01/06/14 15:41,01/06/14 15:48,31.108792/121.061126,569066a3dab43d9b4e806a0cd317dfb0
201406,1,01/06/14 4:50,01/06/14 6:58,31.114038/121.415096,8b963362d23d3e5964616bb2f3b8ff00
201406,1,01/06/14 1:00,01/06/14 3:59,31.045068/121.232113,74023a75ed6b8a714f9e04e528327ce0
201406,1,01/06/14 3:49,01/06/14 6:48,31.129955/121.336848,cf775c71087880bd8ce6a04ec3132737
201406,1,01/06/14 9:42,01/06/14 10:18,31.124501/121.32791,49c278099f949a01b0c6b8a9f71ca4c0
201406,1,01/06/14 7:04,01/06/14 9:18,31.011339/121.296295,3d60d8b46425b010e6fb2ff99c9f63a2
201406,1,01/06/14 20:56,01/06/14 21:26,31.031459/121.300841,9b6ddca8a5ef17f795c72946c880bdd3
201406,1,01/06/14 15:23,01/06/14 15:32,31.084634/120.989297,1e9045e57a7dec2fe28d42de19b4c3a6
201406,1,01/06/14 13:26,01/06/14 13:29,31.122623/121.433813,9b6ddca8a5ef17f795c72946c880bdd3
201406,1,01/06/14 8:56,01/06/14 9:24,31.141982/121.459872,8f542b40b7b5991b1968c89884d63f77
201406,1,01/06/14 12:29,01/06/14 15:29,31.045834/121.408322,d1024f229990f9b7250913d493688222
201406,1,01/06/14 19:46,01/06/14 20:26,31.015724/121.40907,fa8c2ce775dd9d5f69e1786447c63f76
201406,1,01/06/14 14:54,01/06/14 15:00,31.018176/121.418004,492e0ba72b47d6ec27f2208420e42047
201406,1,01/06/14 22:21,01/06/14 22:24,31.038725/121.464203,8040d3894da57eef83991859b328be2b
201406,1,01/06/14 2:40,01/06/14 2:46,31.03333/121.427385,98c82a4ab63f0e6d4036a3da7aadf51b
201406,1,01/06/14 21:00,01/06/14 21:13,31.044667/121.46191,0bd581d005925cf588f7056aee0ca283
201406,1,01/06/14 18:05,01/06/14 18:07,31.019533/121.388705,fa8c2ce775dd9d5f69e1786447c63f76
201406,1,01/06/14 19:31,01/06/14 21:16,31.128227/121.45441,b18e885f0fb1b78ce7d94c57db485381
201406,1,01/06/14 17:53,01/06/14 17:53,31.062583/121.44986,27d62575e5b7fddbcd71efd898987de4
201406,1,01/06/14 23:28,01/06/14 23:28,24.284812/102.999068,53d0434578ba810b6f420468db02cfa5
201406,1,01/06/14 2:15,01/06/14 2:15,31.098558/121.377147,d1024f229990f9b7250913d493688222
201406,1,01/06/14 18:25,01/06/14 18:26,31.102445/121.413911,ffa7ebf366e0db7fde70dad13d908d9d
201406,1,01/06/14 19:42,01/06/14 22:39,31.069757/121.399847,3c2452d507e67ab31978cda577ff0226
201406,1,01/06/14 23:27,01/06/14 23:28,31.137509/121.40768,8b963362d23d3e5964616bb2f3b8ff00
201406,1,01/06/14 6:04,01/06/14 6:15,31.120714/121.42693,4729ffccd24ea927653d4e1ff7aef33c
201406,1,01/06/14 10:09,01/06/14 10:23,31.106089/121.039819,b7919f1c7dd9c7c674e97e630af17041
201406,1,01/06/14 11:52,01/06/14 12:27,31.157362/121.221594,471d6148487e3ad3556f02bcdc991ded
201406,1,01/06/14 18:35,01/06/14 18:43,30.982046/121.207872,6391859645ae42ac9fb1caf375236d9a
201406,1,01/06/14 13:15,01/06/14 13:57,31.117005/121.271194,7a94b5ca6e18084dd0f1876f87fa8d9c
201406,1,01/06/14 12:47,01/06/14 13:21,31.124664/121.323455,0300701c848e716ebb2cf3860855420b
201406,1,01/06/14 11:53,01/06/14 12:01,31.087306/121.275545,605fde7e4d512b26d9af8308bc826895
201406,1,01/06/14 10:22,01/06/14 10:41,31.06623/121.321933,50bf0a8e60b1d01eb8f143ddd9aa04c4
201406,1,01/06/14 9:46,01/06/14 10:08,31.021462/121.321255,3d60d8b46425b010e6fb2ff99c9f63a2
201406,1,01/06/14 2:58,01/06/14 5:54,31.009423/121.245898,3eb4bee0d2df359ee0729fd304ac3d1b
201406,1,01/06/14 8:28,01/06/14 8:28,31.020065/121.23311,936fe4b7143a607f35bb975b92c37200
201406,1,01/06/14 7:03,01/06/14 7:21,31.038291/121.194794,1cdc4722124af4efee2c9349af030ccb
201406,1,01/06/14 11:49,01/06/14 11:52,31.057696/121.207516,5771b8165571a9dc9e6bbc306886b808
201406,1,01/06/14 10:00,01/06/14 10:00,31.071955/121.234457,cc67e8db129f0b23d9f31c37d7b78adb
201406,1,01/06/14 10:59,01/06/14 11:13,31.019982/121.244295,dc58003cb234b13f7fc66ae034d1a47a
201406,1,01/06/14 1:21,01/06/14 4:21,31.011886/121.234971,b1991b5f64ba5802211d75aad17f3aee
201406,1,31/05/14 23:13,01/06/14 2:09,31.007327/121.431151,515db665d000e81c4b264e114842ad6b
201406,1,01/06/14 16:42,01/06/14 19:38,31.005717/121.202014,0e5c053c70484e07500558a4460cb908
201406,1,01/06/14 23:20,01/06/14 23:28,31.01217/121.265575,a4765e754260993c4620d4541a01af79
201406,1,01/06/14 10:18,01/06/14 12:17,31.040378/121.255563,a671d8343c805a89f2a55285969fca5d
201406,1,01/06/14 12:37,01/06/14 12:45,31.024911/121.255017,a671d8343c805a89f2a55285969fca5d
201406,1,01/06/14 15:17,01/06/14 18:17,31.08093/121.159291,d03dcc688455c8e3f622d38affbefa6e
201406,1,01/06/14 18:53,01/06/14 19:05,31.019691/121.249497,a61cfc3935fe35a87a5522a8efcc19d1
201406,1,01/06/14 7:00,01/06/14 7:09,31.015452/121.154814,54859351e250a5b2b7f1847790eb9e50
201406,1,01/06/14 16:13,01/06/14 19:04,30.954604/121.333773,22204e7929b65f1133e5192480bc2563
201406,1,01/06/14 17:18,01/06/14 17:59,31.142865/121.330843,0f17c18a3a38048e4a32217cdb78056f
201406,1,01/06/14 13:04,01/06/14 13:40,31.104981/121.360938,af0bf6287f538bf3318133c9dc0c6b10
201406,1,01/06/14 21:59,01/06/14 22:59,31.096325/121.341209,db1dfbb182e8052e668305084401b89c
201406,1,01/06/14 10:32,01/06/14 11:03,31.13756/121.339005,99069b8fbd7bd4d4ee378b18b35952df
201406,1,01/06/14 16:04,01/06/14 16:09,31.077825/121.33981,ea0da44a6e164f05bfc806c6dcfce55f
201406,1,01/06/14 8:51,01/06/14 9:40,31.118723/121.248449,6da4b8b527a117d032bb088e4fd7b119
201406,1,01/06/14 7:54,01/06/14 7:56,31.134254/121.280533,efd67d0dabe21449277537d73aa9d07b
201406,1,01/06/14 10:35,01/06/14 10:37,31.138371/121.416975,e823c7ae5d7e7c8211f2997954f9465f
201406,1,01/06/14 16:02,01/06/14 18:10,31.115176/121.36579,d1024f229990f9b7250913d493688222
201406,1,01/06/14 12:50,01/06/14 12:50,31.039155/121.241352,c294700bedc585d90cb6fe010d407695
201406,1,01/06/14 12:04,01/06/14 12:11,31.116021/121.287621,dc8e6ffedaacba0548ba4a848c9d635a
201406,1,01/06/14 9:28,01/06/14 9:59,31.212113/121.444193,cc67e8db129f0b23d9f31c37d7b78adb
201406,1,01/06/14 7:16,01/06/14 7:17,31.1744/121.285083,2d938fe0cd51c2929cdb4e70a45d6858
201406,1,01/06/14 14:49,01/06/14 15:02,31.051731/121.423756,71686a9088faa1ec2c2bdd61286a7845
201406,1,01/06/14 11:35,01/06/14 11:35,31.050708/121.217094,28da3151fc1a063a62edc002370a7543
201406,1,01/06/14 19:36,01/06/14 19:56,31.015959/121.227509,9c6e7b4f6f86a0d606691972e5605a99
201406,1,01/06/14 20:17,01/06/14 20:18,30.996346/121.297687,fc775e8c4dd819f88215893272ab6599
201406,1,01/06/14 16:35,01/06/14 16:50,31.134484/121.42764,915fbecbb70889f92787218aa5c3da2e
201406,1,01/06/14 6:59,01/06/14 6:59,30.893975/121.016922,e18bef443a81defe4fa15e8e004e7980
201406,1,01/06/14 17:57,01/06/14 18:00,31.307215/121.486962,9f006e515613daf4b3ff6a51672be6fd
201406,1,01/06/14 21:44,01/06/14 21:49,30.893084/121.252519,8f9371d8df14cdef5663193d0a103290
201406,1,01/06/14 21:58,01/06/14 22:56,30.834815/121.197836,a9b12fc242b3d9063c3938197b89445c
201406,1,01/06/14 13:17,01/06/14 15:16,30.796356/121.199264,b7b81ce78659f6611f44ef817fce823f
201406,1,01/06/14 19:14,01/06/14 19:52,31.075231/121.436269,8df0bd311de9c95c6bcdf49c38ff7299
201406,1,01/06/14 10:46,01/06/14 11:10,31.105352/121.438535,8293bc711a46bf58b03e6294512d0493
201406,1,01/06/14 12:55,01/06/14 13:13,31.090076/121.406999,4d41d51240785ba6c0eddf22472d1551
201406,1,01/06/14 19:41,01/06/14 19:44,31.012926/121.423939,57e3f1c4c751926bb3a8d482ff34ef8d
201406,1,01/06/14 10:07,01/06/14 10:18,31.120753/121.381579,3b2370e8d32ee5c20f125828a58c4871
201406,1,01/06/14 18:04,01/06/14 20:07,31.150193/121.45419,9a3c8950381d7a7d9ab91a4cff63f27f
201406,1,01/06/14 7:17,01/06/14 8:54,31.019246/121.250749,596db1fc2180146773e904f1ad9a180f
201406,1,01/06/14 7:00,01/06/14 9:40,31.147783/121.366475,98425fbddba6a9e0cf3790723711af05
201406,1,01/06/14 14:42,01/06/14 14:48,31.121152/121.141999,a57e955a9a5e0d9fb38c71db3c8034d1
201406,1,01/06/14 10:28,01/06/14 10:41,31.007639/121.416247,6ef4bba7f30335dec22bb08014f110b8
201406,1,01/06/14 0:15,01/06/14 3:15,31.069261/121.375484,7a6c6504a82f4c4442663510650daff1
201406,1,01/06/14 9:10,01/06/14 9:11,31.130891/121.472384,41b6817ba9e82528d473579e19243a5b
201406,1,01/06/14 7:00,01/06/14 8:48,31.100465/121.401931,c405ebbee467ce0a45687fad44945d9f
201406,1,01/06/14 10:19,01/06/14 10:20,31.10114/121.181649,cc67e8db129f0b23d9f31c37d7b78adb
201406,1,01/06/14 20:49,01/06/14 21:57,30.97533/121.271449,6225eafa22782df9630d26cd045b7874
201406,1,01/06/14 2:18,01/06/14 2:34,31.054594/121.339133,3f8214d9d42138dc4f5219bb36d99779
201406,1,01/06/14 15:11,01/06/14 15:14,31.063923/121.353076,627b8d2f17dc4d83e1c4e9f5eebc73d7
201406,1,01/06/14 10:29,01/06/14 10:29,31.066368/121.2082,3318851052affd1489067125b1c33ecc
201406,1,01/06/14 8:38,01/06/14 8:40,31.00153/121.235235,3fafa063c10abb97ad9aa6185c553030
201406,1,01/06/14 17:57,01/06/14 18:26,31.035335/121.117893,bce0a49555762156c063ab69649a8da2
201406,1,01/06/14 11:35,01/06/14 11:36,31.149628/121.43924,218e0e42afaab00c14762d94d99c33b8
201406,1,01/06/14 19:37,01/06/14 19:39,31.121932/121.33481,096bd4b4d6fda8e9c64e472a9aaf73d4
201406,1,01/06/14 13:46,01/06/14 15:33,31.018376/121.40507,0e5c053c70484e07500558a4460cb908
201406,1,01/06/14 23:15,01/06/14 23:22,31.080824/121.390896,af0bf6287f538bf3318133c9dc0c6b10
201406,1,01/06/14 7:47,01/06/14 9:13,31.108876/121.345256,809a6533ee91d8db342f4a470da041db
201406,1,01/06/14 13:29,01/06/14 13:29,31.04822/121.231928,afdf57460f03910837af4ed0eb5700cf
201406,1,01/06/14 12:39,01/06/14 15:27,30.962059/121.244644,91e25e41dcbe8ed6411f7139a2f540e4
201406,1,01/06/14 10:24,01/06/14 13:23,31.087224/121.466989,555c369141e524e25ff3c086bd0648a3
201406,1,01/06/14 21:30,01/06/14 21:53,30.957104/121.146044,2b92a81e14f726c21c1f764a64a4ed20
201406,1,01/06/14 12:52,01/06/14 12:53,31.121363/121.369095,41b6817ba9e82528d473579e19243a5b
201406,1,01/06/14 12:47,01/06/14 14:22,31.032565/121.409407,71ca2d5f8c294f2d26165a4c198d2086
201406,1,01/06/14 15:30,01/06/14 17:09,30.939177/121.223182,7fe0e83c9b188499683dd4a4e9483ff9
201406,1,01/06/14 14:15,01/06/14 14:26,30.774911/121.259927,940e12a0511b91a9d6f04c033848abd2
201406,1,01/06/14 9:38,01/06/14 9:55,31.113798/121.382691,0ee4a18e6748825cbb37c3e5a2c0241f
201406,1,01/06/14 9:54,01/06/14 9:55,30.889117/121.317123,c9d6ea9ac8ab1c83a34d55aa451cdf29
201406,1,01/06/14 17:24,01/06/14 17:25,31.163201/121.11139,7929bb7e866965e4805d4cc1ed9433d8
201406,1,01/06/14 2:22,01/06/14 4:07,31.023331/121.315006,da514937ca55bafc399f3d3ef5431edc
201406,1,01/06/14 9:36,01/06/14 12:36,31.038201/121.216468,4d4d8b63bfc477796070ac51ab6094af
201406,1,01/06/14 22:09,01/06/14 22:11,31.042348/121.28911,452bfacadcf3d6edee005767e1296e74
201406,1,01/06/14 16:10,01/06/14 16:34,31.030806/121.396875,8826c491d2e34330231e2769831904ba
201406,1,01/06/14 17:13,01/06/14 17:15,31.132785/121.413457,334644cf896a09134cfbb9e1841460d7
201406,1,01/06/14 21:49,01/06/14 21:50,31.095884/121.350551,9affae39264e03d6ef1e8407c3ea23d8
201406,1,01/06/14 9:51,01/06/14 10:10,31.065995/121.314532,50bf0a8e60b1d01eb8f143ddd9aa04c4
201406,1,01/06/14 22:20,01/06/14 22:25,31.010331/121.381275,106c9c540c0f3b59a61f6b8d861db162
201406,1,01/06/14 13:12,01/06/14 13:16,30.994999/121.264867,3493bf87be060be0320d5a4e5f39cce5
201406,1,31/05/14 23:51,31/05/14 23:52,31.099755/121.009542,556ed10578bccc248c92ea4814ca579b
201406,1,01/06/14 14:50,01/06/14 14:53,30.847557/121.226776,793da01251c90ee6445b998e6627aeb6
201406,1,01/06/14 21:19,01/06/14 21:20,31.048845/121.231719,abf3953a2e6c094667d52d7eb4837333
201406,1,01/06/14 16:41,01/06/14 17:02,31.11794/121.457471,64a4c261364f55344706a768d2d6e4b9
201406,1,01/06/14 16:55,01/06/14 19:51,31.057816/121.413943,7dfd64301189cd1b91361d17c656a991
201406,1,01/06/14 23:28,01/06/14 23:34,30.852446/121.262447,454d9b6a7c1156086d44f2b72b21a06e
201406,1,01/06/14 6:54,01/06/14 6:59,31.054947/120.995325,da4c92d71ad12a0eefbc9c1c4b51104e
201406,1,01/06/14 20:19,01/06/14 20:22,30.920347/121.057024,e924444b74be743613b864cde6cd952d
201406,1,01/06/14 8:18,01/06/14 8:19,30.894639/121.21016,b18592202ca258c558eb10d4318bb948
201406,1,01/06/14 13:07,01/06/14 13:33,30.989121/121.127308,f0dd1082cf9dea441ed1649efa8694ff
201406,1,01/06/14 13:25,01/06/14 15:06,31.130862/121.091425,4d8d3f5c97f130b20bd91dc243f669c2
201406,1,01/06/14 13:22,01/06/14 13:40,31.113159/121.06421,63410a6cbca5408b4a5b71b4aac54cdf
201406,1,01/06/14 16:16,01/06/14 16:47,31.17665/121.132941,877a8067c380613119b14c703e3050f0
201406,1,01/06/14 17:30,01/06/14 17:31,30.899117/121.175731,9f006e515613daf4b3ff6a51672be6fd
201406,1,01/06/14 10:55,01/06/14 10:55,31.07195/121.150279,f5a6ebc46bb7f7cfd4c6328423b6bcf6
201406,1,01/06/14 9:16,01/06/14 9:19,31.167279/121.113649,5dbe231cb2353e87aabb77662cdf34b1
201406,1,01/06/14 17:23,01/06/14 20:23,31.148785/121.115114,a755322c12becb65f6dd21e21d7f7fbf
201406,1,01/06/14 7:21,01/06/14 7:40,31.158515/121.1384,fbd4491c7dc0ffe0f3c9e74f7bc6d954
201406,1,01/06/14 17:31,01/06/14 17:31,31.171648/121.110276,bfc9dc3d8a88bd977384a877d8a1cd25
201406,1,01/06/14 16:32,01/06/14 17:16,31.143297/121.132883,bfc9dc3d8a88bd977384a877d8a1cd25
201406,1,01/06/14 8:40,01/06/14 8:46,31.119806/121.071074,ec413cfaff858b751c690dccbcd089c9
201406,1,01/06/14 22:22,01/06/14 22:31,30.892415/121.023553,bc53781c7d41cc3cf21310e962baf036
201406,1,01/06/14 4:01,01/06/14 4:19,30.795602/121.152307,8ad6b4aff402c3441709448b8963282e
201406,1,01/06/14 9:37,01/06/14 9:40,30.930023/121.011969,24a00d7d5dff309e1e01400ec9068fb7
201406,1,01/06/14 20:13,01/06/14 20:23,31.018041/121.055413,bce0a49555762156c063ab69649a8da2
201406,1,01/06/14 6:48,01/06/14 6:58,30.934254/121.279662,91e25e41dcbe8ed6411f7139a2f540e4
201406,1,01/06/14 9:36,01/06/14 9:48,31.259763/121.089338,5dbe231cb2353e87aabb77662cdf34b1
201406,1,01/06/14 15:24,01/06/14 15:31,31.132602/121.095863,24a00d7d5dff309e1e01400ec9068fb7
201406,1,01/06/14 15:09,01/06/14 16:14,31.105808/121.038742,d1c2de0bf7d3c570a79a71d204535cf6
201406,1,01/06/14 8:18,01/06/14 11:10,30.866409/121.188512,e44321e653457adb53baad8bd319439b
201406,1,01/06/14 8:53,01/06/14 8:59,30.879349/121.094749,54c45661563caa5a2a6bf096bd236a04
201406,1,01/06/14 8:07,01/06/14 8:57,31.159536/121.1442,2e452cb606800b526bb42dae8583a2a6
201406,1,01/06/14 4:29,01/06/14 4:37,30.867598/121.198612,54c45661563caa5a2a6bf096bd236a04
201406,1,01/06/14 8:36,01/06/14 8:36,31.154875/121.131226,fafda3f5b06303cc153c14a860264184
201406,1,01/06/14 20:19,01/06/14 20:31,31.165389/121.119468,7929bb7e866965e4805d4cc1ed9433d8
201406,1,01/06/14 19:57,01/06/14 20:00,30.889377/121.176142,13e8a257f73d9c3956a088eb8a7f4037
201406,1,01/06/14 7:56,01/06/14 8:39,31.16691/121.115166,b06297837a919a9b28daeda8bdfca1c2
201406,1,01/06/14 11:49,01/06/14 11:56,31.048503/121.141872,e924444b74be743613b864cde6cd952d
201406,1,01/06/14 16:21,01/06/14 16:24,31.219455/121.098597,31954f6c0b25600fe1f3a8ce3c87e3c3
201406,1,31/05/14 23:32,31/05/14 23:34,30.938138/121.327668,793f7ed92e1ebaef4cf81b91312fb30a
201406,1,01/06/14 20:38,01/06/14 20:51,30.935029/121.186594,e44321e653457adb53baad8bd319439b
201406,1,01/06/14 15:25,01/06/14 15:26,30.814394/121.18284,b7b81ce78659f6611f44ef817fce823f
201406,1,01/06/14 10:00,01/06/14 10:14,30.898595/121.030128,e18bef443a81defe4fa15e8e004e7980
201406,1,01/06/14 17:52,01/06/14 17:59,30.898527/121.22367,8f9371d8df14cdef5663193d0a103290
201406,1,01/06/14 22:02,01/06/14 22:06,28.738742/120.640606,cb67110ea0a305d40d5f5535e26ed895
201406,1,01/06/14 21:37,01/06/14 22:59,31.156928/121.121902,879305d447c64d674c55def86e0a60fd
201406,1,01/06/14 19:03,01/06/14 19:03,25.222206/117.086322,5b4ea8e3027f99dc994317e2ebf34bd1
201406,1,01/06/14 19:32,01/06/14 19:32,30.957633/121.343012,a60293fde57a358e15caeb2a1bd78153
201406,1,01/06/14 14:21,01/06/14 14:32,31.137582/121.083916,814abd3c8b33971ed8807a95ae10de9c
201406,1,01/06/14 9:49,01/06/14 9:52,31.00953/121.052076,24a00d7d5dff309e1e01400ec9068fb7
201406,1,01/06/14 14:00,01/06/14 14:01,30.941447/121.293964,793f7ed92e1ebaef4cf81b91312fb30a
201406,1,01/06/14 17:35,01/06/14 18:05,30.975236/121.195313,a3b1a60e70b05facf8b8d598eff5a03a
201406,1,01/06/14 8:36,01/06/14 8:41,31.109998/121.164842,a57e955a9a5e0d9fb38c71db3c8034d1
201406,1,01/06/14 7:39,01/06/14 10:29,31.236935/121.106513,dd14268766b4f6b2a047c109dcaf1f27
201406,1,01/06/14 8:08,01/06/14 8:11,31.119557/121.036331,3d9766f9da66efea0b485774a26066eb
201406,1,01/06/14 9:54,01/06/14 10:04,31.012108/121.074488,5e53a821400a65938cc791daf653048d
201406,1,01/06/14 8:57,01/06/14 9:07,30.858416/121.035215,aa1bdc19c9337a2dcf878738983d7859
201406,1,01/06/14 12:39,01/06/14 15:24,30.874563/121.067902,54c45661563caa5a2a6bf096bd236a04
201406,1,01/06/14 5:09,01/06/14 5:45,30.831429/121.242309,793da01251c90ee6445b998e6627aeb6
201406,1,01/06/14 8:00,01/06/14 8:00,30.900763/121.246509,e3114df5cb3103eddf123b2b0fcbb701
201406,1,01/06/14 4:26,01/06/14 6:36,30.87366/121.082631,a9a7aed99cf2f13451e6365c86868c1a
201406,1,01/06/14 17:27,01/06/14 17:40,31.15702/121.106352,7929bb7e866965e4805d4cc1ed9433d8
201406,1,01/06/14 7:00,01/06/14 9:19,30.993883/121.129758,6405c0ff1fab7ba1bb4868cb75c71ca9
201406,1,01/06/14 23:04,01/06/14 23:08,30.837343/121.275733,454d9b6a7c1156086d44f2b72b21a06e
201406,1,01/06/14 20:27,01/06/14 20:45,31.184426/121.15811,fbd4491c7dc0ffe0f3c9e74f7bc6d954
201406,1,01/06/14 10:53,01/06/14 10:54,31.073061/120.970637,a9b12fc242b3d9063c3938197b89445c
201406,1,01/06/14 14:36,01/06/14 15:35,31.144812/121.119606,a27cab70b7a7df509b9df22714437adb
201406,1,01/06/14 10:02,01/06/14 10:42,31.176489/121.188906,a39e7a2e302b0f1117e119d4a5810c2d
201406,1,01/06/14 9:09,01/06/14 9:11,30.990942/121.12541,d8cc314b17961a413d100898665339d1
201406,1,01/06/14 11:59,01/06/14 12:15,30.810888/121.234763,b86954238bc0a8e481b5ed3ae6b5ab58
201406,1,01/06/14 8:20,01/06/14 8:31,31.109666/121.052906,814abd3c8b33971ed8807a95ae10de9c
201406,1,01/06/14 9:00,01/06/14 9:07,31.098359/121.073778,29c2bf030a647f142731633fedb48b0d
201406,1,01/06/14 19:10,01/06/14 20:40,31.068626/121.108326,495b5d1ed7c12e47afd242bf1fe3ec2a
201406,1,01/06/14 15:10,01/06/14 15:18,31.042021/121.204506,6f30a5e423d579b604a117b5afe3f356
201406,1,01/06/14 16:44,01/06/14 17:34,30.89659/121.281933,cb775ddb50ab7a94d71240204a626f8c
201406,1,01/06/14 12:33,01/06/14 12:47,30.88883/121.130607,dfb9ee590658e5a85f9b22a5c9e4e965
201406,1,01/06/14 12:13,01/06/14 12:31,30.773575/121.14093,dc9a40456f3af4e66f706b40441d14f9
201406,1,01/06/14 8:54,01/06/14 9:24,31.041762/120.928733,10147724e59f117ef5b9dec6b9e2532b
201406,1,01/06/14 18:23,01/06/14 18:24,31.081917/121.062248,4243deb0d5730c8c6f27f249e7079ca5
201406,1,01/06/14 12:32,01/06/14 15:31,30.866289/121.103027,32067beb92e4a528772adfef1ae04b3d
201406,1,01/06/14 1:55,01/06/14 2:25,30.829105/121.180127,2ad0b5e86245104317e12bd1fba86548
201406,1,01/06/14 7:00,01/06/14 9:49,30.891157/121.186557,565b933233d70b1d0a822258e871a33f
201406,1,01/06/14 19:09,01/06/14 19:10,30.889225/121.177092,b18592202ca258c558eb10d4318bb948
201406,1,01/06/14 8:20,01/06/14 8:26,30.900013/121.049649,22711167556fbf9006848de3c61c4107
201406,1,01/06/14 8:55,01/06/14 8:56,31.143835/120.935676,cb8e274b2fa63ceec62f84a324ce6b09
201406,1,01/06/14 14:33,01/06/14 14:41,31.206089/121.105074,cf08df3241bf1896f04373e319ac9ed9
201406,1,01/06/14 11:16,01/06/14 11:17,31.004198/121.067198,4243deb0d5730c8c6f27f249e7079ca5
201406,1,01/06/14 17:45,01/06/14 20:40,31.05815/120.970188,64aefbf40fae656942da28666c38bd79
201406,1,01/06/14 9:12,01/06/14 12:12,30.945561/121.150834,0dddb21de6c0058719e95677ebf55fbc
201406,1,01/06/14 16:52,01/06/14 17:48,30.983162/121.054057,5e53a821400a65938cc791daf653048d
201406,1,01/06/14 14:15,01/06/14 15:49,31.057607/121.030715,08f3349ce0f32142f244c0cdc3c0561f
201406,1,01/06/14 20:16,01/06/14 20:33,30.909885/121.195459,7fe0e83c9b188499683dd4a4e9483ff9
201406,1,01/06/14 14:06,01/06/14 14:17,30.80226/121.311879,6827fbb90de1d82cde998dbd1fd2c7f6
201406,1,01/06/14 21:09,01/06/14 21:15,30.90618/121.178287,e6b060eda847ce0cac04898275ec3301
201406,1,01/06/14 9:17,01/06/14 9:28,30.99055/121.126163,da4c92d71ad12a0eefbc9c1c4b51104e
201406,1,01/06/14 21:02,01/06/14 21:04,31.010877/121.240031,ced45ef4038edd087f334f8ecab6f82b
201406,1,01/06/14 21:14,01/06/14 22:57,31.152177/121.172752,877a8067c380613119b14c703e3050f0
201406,1,01/06/14 13:03,01/06/14 16:02,31.175318/121.181299,877a8067c380613119b14c703e3050f0
201406,1,01/06/14 7:04,01/06/14 10:01,31.132833/121.17281,cfcd2ef2307f2fcc46be04e1534915d5
201406,1,01/06/14 10:29,01/06/14 13:23,31.185228/121.1697,9faba45baade25cf24bca59d9c0e296d
201406,1,31/05/14 23:00,01/06/14 0:01,31.188696/121.181232,9faba45baade25cf24bca59d9c0e296d
201406,1,01/06/14 11:53,01/06/14 14:20,31.152749/121.182589,a755322c12becb65f6dd21e21d7f7fbf
201406,1,01/06/14 20:08,01/06/14 20:08,31.101299/120.918138,b1ff3e6c3ce0b74d89a2cd7ed719e82b
201406,1,01/06/14 11:56,01/06/14 11:59,31.046753/121.062205,fad96c85216325bb48b0d56533963cda
201406,1,01/06/14 9:32,01/06/14 12:32,30.94602/121.106186,dfb9ee590658e5a85f9b22a5c9e4e965
201406,1,01/06/14 11:07,01/06/14 11:38,31.126748/120.934108,a9b12fc242b3d9063c3938197b89445c
201406,1,01/06/14 7:57,01/06/14 7:58,30.802409/121.205114,1fb77b161c9d8746df5378af1c64ec4d
201406,1,01/06/14 18:30,01/06/14 19:15,30.918284/120.995861,f9c38f82076c615bc7f16aa7d596837c
201406,1,01/06/14 6:23,01/06/14 6:58,31.317987/120.619907,4d8d3f5c97f130b20bd91dc243f669c2
201406,1,01/06/14 5:24,01/06/14 5:34,31.19706/121.095538,78691b5a36dd3a60a31fe1f4dcd62a1e
201406,1,01/06/14 10:37,01/06/14 10:51,31.092058/121.38753,029d4ebe5120b16dab83f4d3d39c47db
201406,1,01/06/14 19:19,01/06/14 19:20,30.956973/121.097333,b0bc5f3d68aad4eb623759b19d85f4e9
201406,1,01/06/14 22:05,01/06/14 22:06,30.943662/121.155665,dfb9ee590658e5a85f9b22a5c9e4e965